{
  "Author": "Selune Latte",
  "Name": "AdvertRunner",
  "InternalName": "AdvertRunner",
  "AssemblyVersion": "1.0.0.0",
  "Description": "Executes a configured route: Lifestream (/li) teleports and /runmacro steps with waits.",
  "ApplicableVersion": "any",
  "Tags": [
    "utility"
  ],
  "DalamudApiLevel": 14,
  "LoadRequiredState": 0,
  "LoadSync": false,
  "CanUnloadAsync": false,
  "LoadPriority": 0,
  "Punchline": "Runs a user-defined route of /li teleports and /runmacro steps.",
  "AcceptsFeedback": true
}